filename,words
0.png,117T3989
1.png,128T8086
10.png,94T3458
100.png,133T6719
101.png,68T5979
102.png,106T2131
103.png,117T2600
104.png,58T8888
105.png,93T5599
106.png,155T1216
107.png,191T2827
108.png,127T9733
109.png,121T237
11.png,96T8557
110.png,172T9314
111.png,152T8269
112.png,127T9295
113.png,188T956
114.png,179T7121
115.png,169T9685
116.png,161T3230
117.png,74T3819
118.png,155T5259
119.png,137T5115
12.png,156T2325
120.png,169T9685
121.png,134T3970
122.png,120T5039
123.png,121T6559
124.png,145T5368
125.png,100T8109
126.png,118T5018
127.png,68T3759
128.png,190T413
129.png,125T5378
13.png,182T2759
130.png,165T6025
131.png,119T9133
132.png,66T5697
133.png,109T2328
134.png,84T1104
135.png,165T895
136.png,114T7304
137.png,37T3819
138.png,115T6064
139.png,98T5178
14.png,85T3827
140.png,112T6988
141.png,68T6341
142.png,90T4636
143.png,141T13
144.png,181T7519
145.png,106T9514
146.png,156T3853
147.png,159T7948
148.png,155T9278
149.png,191T9338
150.png,164T9653
151.png,148T2903
152.png,90T9848
153.png,87T9170
154.png,176T755
155.png,156T7524
156.png,168T1951
157.png,31T8115
158.png,193T4091
159.png,142T8217
16.png,159T3782
160.png,173T4951
161.png,136T2146
162.png,161T3015
163.png,194T735
164.png,123T3112
165.png,112T8576
166.png,70T652
167.png,140T566
168.png,89T3511
169.png,40T1901
17.png,195T2612
170.png,83T1812
171.png,181T2562
172.png,70T652
173.png,118T6637
174.png,194T558
175.png,175T7944
176.png,133T6719
177.png,142T7100
178.png,128T9146
179.png,122T7105
18.png,153T3222
180.png,48T6996
181.png,100T9345
182.png,173T9116
183.png,163T3294
184.png,69T5129
185.png,39T5898
186.png,95T6758
187.png,94T573
188.png,79T2589
189.png,47T8151
19.png,43T9644
190.png,70T8648
191.png,102T9407
192.png,94T3458
193.png,73T4019
194.png,128T1739
195.png,160T1641
196.png,188T8677
197.png,171T5976
198.png,153T8597
199.png,78T3293
2.png,170T6123
20.png,64T6581
200.png,179T7229
201.png,121T237
202.png,170T7645
203.png,140T659
204.png,103679N
205.png,93T4591
206.png,181T1022
207.png,171T2664
208.png,132T3848
209.png,173T6609
21.png,117T6491
210.png,106T2131
211.png,161T6744
212.png,188T7083
213.png,135T4716
214.png,168T6643
215.png,114T7304
216.png,188T543
217.png,174T4999
218.png,188T7083
219.png,137564N
22.png,72T6300
220.png,171T6934
221.png,166T1383
222.png,84T4097
223.png,122T7105
224.png,118T6637
225.png,170T7645
226.png,66T5697
227.png,182T2759
228.png,182T6149
229.png,119T2123
23.png,149T7951
230.png,125T6088
231.png,129T9084
232.png,177T4712
233.png,77T9587
234.png,77T4426
235.png,104T1884
236.png,135T5906
237.png,57T2904
238.png,125T2765
239.png,177T4735
24.png,170T9922
240.png,82T701
241.png,37T3819
242.png,164T9053
243.png,77T286
244.png,83T9393
245.png,139T8869
246.png,169T5973
247.png,169T7127
248.png,107T5823
249.png,149T3297
25.png,151T1866
250.png,93T1868
251.png,165T7119
252.png,141T9185
253.png,130T2340
254.png,71T1524
255.png,71T1524
256.png,96T5370
257.png,170T5686
258.png,117T7987
259.png,119T1234
26.png,116T8703
260.png,75T6320
261.png,133T3849
262.png,86T564
263.png,172T2738
264.png,65T3230
265.png,76T6346
266.png,135T5906
267.png,137T9189
268.png,61T4573
27.png,170T6375
270.png,165T895
271.png,111T1930
272.png,152T9593
273.png,142T8217
274.png,47T8151
275.png,84T6234
276.png,148T2903
277.png,148T2903
278.png,52T6994
279.png,114T7055
28.png,71T6532
280.png,171T2151
281.png,175T6431
282.png,171T5976
283.png,188T8416
284.png,130T2340
285.png,92T3839
286.png,128T461
287.png,180T706
288.png,188T8677
289.png,94T8974
29.png,141T9365
290.png,166T1383
291.png,161T761
292.png,119T6926
293.png,128T1739
294.png,191T1006
295.png,114T7304
296.png,164T322
297.png,168T207
298.png,118T9630
299.png,111T3698
3.png,103T1643
30.png,136T7602
300.png,74T3019
301.png,90T4636
302.png,171T7026
303.png,92T589
304.png,71T1524
305.png,106T2131
306.png,165T7878
307.png,141T6603
308.png,133T9933
309.png,172T2738
31.png,144T2081
310.png,171T8084
311.png,90T7708
312.png,114T9860
313.png,142T1369
314.png,125T3437
315.png,108T5794
316.png,94T573
317.png,82T874
318.png,122T8467
319.png,167T5598
32.png,173T6609
320.png,177T2094
321.png,179T159
322.png,163T3294
323.png,91T4562
324.png,107T5411
325.png,175T6431
326.png,171T8084
327.png,129T3973
328.png,138T2415
329.png,62T9920
33.png,118T5018
330.png,194T3593
331.png,105T9763
332.png,128T4425
333.png,94T8974
334.png,156T311
335.png,148T6825
336.png,131T870
337.png,141T3704
338.png,162T2625
339.png,112T6434
34.png,182T2759
340.png,140T1714
341.png,144T9065
342.png,175T7944
343.png,77T7035
344.png,143T1094
345.png,86T9785
346.png,114T239
347.png,132T4533
348.png,93T4591
349.png,148T2903
35.png,152T4908
350.png,140T7487
351.png,108T7972
352.png,105T9699
353.png,154T2333
354.png,137T2499
355.png,71T6532
356.png,109T5513
357.png,117T9747
358.png,130T6707
359.png,159T7279
36.png,179T159
360.png,175T5973
361.png,109T5513
362.png,94T8974
363.png,112T5380
364.png,96T3734
365.png,156T1451
366.png,150T8996
367.png,140T5408
368.png,194T5474
369.png,132T7260
37.png,160T2955
370.png,99T1341
371.png,65T6646
372.png,68T2202
373.png,105T41
374.png,63T6751
375.png,149T8284
376.png,61T4573
377.png,154T7332
378.png,120T8917
379.png,120T3626
38.png,137T8459
380.png,72T5043
381.png,114T239
382.png,173T4951
384.png,131T8840
385.png,145T9128
386.png,195T668
387.png,181T3496
388.png,116T2047
389.png,106T1334
39.png,156T6516
390.png,137T8159
391.png,117T3941
392.png,87T3169
393.png,195T668
394.png,160T8806
395.png,189T8840
396.png,137T8459
397.png,118T5018
398.png,149T7951
399.png,151T8095
4.png,62T1040
40.png,120T5039
400.png,129T230
401.png,155T1383
402.png,119T5419
403.png,69T6075
404.png,144T4724
405.png,114T239
406.png,58T5526
407.png,76T6346
408.png,137T5115
409.png,194T735
41.png,62T1169
410.png,85T8265
411.png,183T8201
412.png,88T7497
413.png,163T9566
414.png,115T9433
415.png,65T6646
416.png,70T6651
417.png,121T4099
418.png,131T954
419.png,170T1077
42.png,191T179
421.png,138T6070
422.png,118T5018
423.png,62T6569
424.png,77T286
425.png,65T6646
426.png,94T8974
427.png,171T2151
428.png,104T489
429.png,84T6404
43.png,41T1310
430.png,78T7729
431.png,160T4041
432.png,182T6554
433.png,87T9294
434.png,176T755
435.png,37T3507
436.png,149T3469
437.png,126T8208
438.png,152T9438
44.png,139T2785
440.png,107T5823
441.png,140T5583
442.png,178T9010
443.png,177T8467
444.png,114T4391
445.png,140T8381
446.png,125T8583
447.png,139T1856
448.png,115T7637
449.png,122T2171
45.png,72T7486
450.png,103679N
451.png,138T1769
452.png,140T883
453.png,163T9566
454.png,110T2456
455.png,158T412
456.png,153T8959
457.png,120T8917
458.png,179T5776
459.png,45T6285
46.png,109T658
460.png,191T9338
461.png,130T9410
462.png,110T5390
463.png,93T5599
464.png,181T3690
465.png,67T7030
466.png,106T4788
468.png,110T6829
469.png,185T834
47.png,160T2955
470.png,111T5779
471.png,104T9416
472.png,162T9979
473.png,95T7795
474.png,79T8612
475.png,104T489
476.png,148T2903
477.png,177T8467
478.png,65T3230
479.png,117T2600
48.png,117T1938
480.png,114T8788
481.png,134T3970
482.png,101T3978
483.png,62T1646
484.png,163T8312
485.png,136T9687
486.png,111T1930
487.png,157T6832
488.png,169T9044
489.png,105T3912
49.png,89T8521
490.png,162T2347
491.png,131T116
492.png,88T6610
493.png,99T3403
494.png,116T3054
495.png,179T7121
496.png,147T472
497.png,167T2142
498.png,148T4932
499.png,133T3849
5.png,140T1714
50.png,145T4948
500.png,195T668
501.png,179T7121
502.png,149T745
503.png,95T4837
504.png,181T3690
505.png,136T8032
506.png,114T7304
507.png,133T1130
508.png,67T504
509.png,107T5823
51.png,103679N
510.png,112T5633
511.png,95T7304
512.png,167T5598
513.png,107T5823
514.png,64T2661
515.png,133T9146
516.png,180T228
517.png,57T4350
518.png,149T7951
519.png,160T1641
52.png,96T3734
520.png,90T8892
521.png,131T870
522.png,73T7689
523.png,103T1451
524.png,58T2527
525.png,70T296
526.png,138T8409
527.png,108T4002
528.png,93T140
529.png,167T5257
53.png,85T4578
530.png,152T6105
531.png,81T4001
532.png,73T1617
533.png,91T2998
534.png,167T5102
535.png,121T237
536.png,188T6472
537.png,86T9955
539.png,42T3076
54.png,168T207
540.png,116T8703
541.png,110T533
542.png,47T1187
543.png,81T9062
544.png,100T9345
545.png,110T4884
546.png,87T8179
547.png,175T7944
548.png,165T7878
549.png,62T9920
55.png,137T9189
550.png,116T8703
551.png,63T4719
552.png,132T3446
553.png,153T3296
554.png,94T8974
555.png,142T4034
557.png,120T4640
558.png,188T1222
559.png,163T8312
56.png,121T237
560.png,110T3517
561.png,149T8284
562.png,176T4062
563.png,195T668
564.png,132T6885
565.png,94T1365
566.png,58T5526
567.png,91T7133
569.png,122T8467
57.png,52T4350
570.png,79T2589
571.png,126T4230
572.png,151T8095
573.png,105T6789
574.png,98T528
575.png,145T1093
576.png,72T6300
577.png,156T864
578.png,81T8729
579.png,53T8723
58.png,187T2381
580.png,155T5239
581.png,68T2202
582.png,133T1130
583.png,68T8107
584.png,177T2784
585.png,87T9294
586.png,96T3734
587.png,57T4911
588.png,89T7122
589.png,132T820
59.png,179T7121
590.png,78T1238
591.png,93T4591
592.png,149T8284
593.png,94T8974
594.png,106T1334
595.png,89T5864
596.png,129T3276
597.png,83T8531
598.png,179T159
599.png,125T2765
6.png,121T4099
60.png,74T3019
600.png,105T4924
601.png,60T3044
602.png,117T9884
603.png,112T8576
604.png,147T6538
605.png,125T7725
606.png,172T6302
607.png,86T9785
608.png,163T3168
609.png,60T9658
61.png,77T4378
610.png,81T2965
611.png,182T1735
612.png,137T9189
613.png,140T7487
614.png,94T8974
615.png,127T59
616.png,89T4187
617.png,152T6105
618.png,138T9604
619.png,132T7367
62.png,120T5039
620.png,129T3973
621.png,75T8421
622.png,88T7703
623.png,64T7992
624.png,135T5332
625.png,127T59
626.png,138T2415
627.png,77T8377
628.png,114T8377
629.png,122T1065
63.png,135T5906
630.png,68T6341
631.png,95T4837
632.png,164T9053
633.png,113T9996
634.png,182T2759
635.png,92T9925
636.png,165T895
637.png,65T6646
638.png,96T1047
639.png,109T2328
64.png,181T3690
640.png,135T7533
641.png,165T7119
642.png,122T7105
643.png,71T7292
644.png,71T1524
645.png,81T8729
646.png,110T4884
647.png,41T1310
648.png,95T6758
649.png,76T3222
65.png,96T3734
650.png,179T159
651.png,132T7260
652.png,94T3458
653.png,82T1546
654.png,61T2580
655.png,141T9185
656.png,106T5997
657.png,57T2904
658.png,116T2847
659.png,175T2720
66.png,136T9687
660.png,93T5882
661.png,139T2785
662.png,171T9707
663.png,110T2456
664.png,170T3404
665.png,92T85
666.png,96T3734
667.png,194T558
668.png,51T4433
669.png,118T9630
67.png,117T3989
670.png,107T5411
671.png,187T7813
672.png,63T5091
673.png,107T7596
674.png,162T6108
675.png,129T2976
676.png,84T2486
677.png,130T2637
678.png,156T775
679.png,131T404
68.png,171T8084
680.png,87T382
681.png,121T237
682.png,160T6356
683.png,161T3230
684.png,181T9656
685.png,145T9128
686.png,59T6719
687.png,95T7304
688.png,111T5779
689.png,100T5333
69.png,115T5367
690.png,124T6062
691.png,116T1701
692.png,71T7292
693.png,77T6823
694.png,128T9146
695.png,84T449
696.png,176T2777
697.png,82T874
698.png,188T543
699.png,106T2131
7.png,160T7750
70.png,158T536
700.png,111T5779
701.png,80T4161
702.png,104T489
703.png,89T4187
704.png,82T5301
705.png,92T4328
706.png,89T2811
707.png,135T4716
708.png,190T8391
709.png,155T1216
71.png,62T9640
710.png,102T6927
711.png,105T6789
712.png,118T959
713.png,45T6480
714.png,138T1769
715.png,62T9734
716.png,96T4579
717.png,133T9146
718.png,146T1066
719.png,149T3297
72.png,114T8377
720.png,191T5373
721.png,167T2217
722.png,74T4161
723.png,77T4378
724.png,74T1653
725.png,146T5543
726.png,163T3647
727.png,155T4578
728.png,93T140
729.png,159T7948
73.png,178T9454
730.png,116T2847
731.png,152T4908
732.png,89T4187
733.png,130T2637
735.png,141T6603
736.png,90T9848
737.png,119T6926
738.png,131T954
739.png,103T1451
74.png,139T8869
740.png,191T1006
741.png,135T5906
742.png,164T9653
743.png,107T5823
744.png,93T3095
745.png,146T2878
746.png,116T3668
747.png,153T7132
748.png,24T1398
749.png,63T366
75.png,68T3759
750.png,99T2310
751.png,155T945
752.png,172T4715
753.png,140T9240
754.png,142T1369
755.png,132T7367
756.png,123T6324
757.png,132T7367
758.png,176T4062
759.png,30T841
76.png,133T9146
760.png,137T2430
761.png,106T2736
762.png,77T8769
763.png,108T5333
764.png,156T4000
765.png,171T6934
766.png,161T3747
767.png,111T2799
768.png,94T3236
769.png,156T864
77.png,130T9996
770.png,104T8766
771.png,131T8105
772.png,106T2131
773.png,131T8840
774.png,95T4837
775.png,94T573
776.png,147T830
777.png,182T1303
778.png,172T9314
779.png,194T3593
78.png,72T5043
780.png,95T2658
781.png,194T5866
782.png,127T9733
783.png,130T8988
784.png,191T2774
785.png,96T4579
786.png,134T4413
787.png,178T8196
788.png,62T9734
789.png,175T5973
79.png,45T6480
790.png,117T5948
791.png,191T2827
792.png,83T9393
793.png,156T1451
794.png,113T9996
795.png,80T4950
796.png,59T9102
797.png,118T959
798.png,74T5775
799.png,137T8159
8.png,39T5898
80.png,150T8546
800.png,62T6569
801.png,170T6375
802.png,117T7506
803.png,60T9658
804.png,188T6472
805.png,90T9848
806.png,117T3941
807.png,71T1524
808.png,76T1251
809.png,106T2131
81.png,143T1094
810.png,145T4948
811.png,192T5075
812.png,100T5333
813.png,84T2486
814.png,160T8650
815.png,130T6707
816.png,90T3095
817.png,96T8557
818.png,84T6404
819.png,128T461
82.png,65T3230
820.png,190T413
821.png,190T8391
822.png,107T5783
823.png,126T6144
824.png,87T8179
825.png,52T6994
826.png,153T6228
827.png,90T1397
828.png,175T6734
829.png,140T5408
83.png,179T7121
830.png,70T8424
831.png,177T1523
832.png,105T294
833.png,108T5333
834.png,143T4790
835.png,91T1493
836.png,76T2714
837.png,104T489
838.png,164T8276
839.png,78T7729
84.png,106T2131
840.png,62T5289
841.png,140T9240
842.png,53T8723
843.png,112T6434
844.png,131T8840
845.png,91T4293
846.png,156T1451
847.png,106T2131
848.png,159T3782
849.png,188T4228
85.png,178T5826
850.png,135T5332
851.png,149T1332
852.png,160T5065
853.png,170T7645
854.png,175T4637
855.png,122T7016
856.png,161T9960
857.png,86T2400
858.png,150T8546
859.png,115T7821
86.png,111T4151
860.png,72T7706
861.png,179T7121
862.png,116T2847
863.png,79T9778
864.png,163T3168
865.png,128T9146
866.png,78T140
867.png,157T3518
868.png,74T366
869.png,96T4579
87.png,153T3222
870.png,157T8796
871.png,145T9128
872.png,105T4924
873.png,160T4041
874.png,56T1601
875.png,116T6898
876.png,112T876
877.png,164T5864
878.png,177T8953
879.png,125T7725
88.png,101T6950
880.png,65T3230
881.png,182T1735
882.png,149T7951
883.png,144T480
884.png,153T3718
885.png,181T2562
886.png,167T5102
887.png,130T8988
888.png,65T3230
889.png,179T5776
89.png,103T1451
890.png,150T8546
891.png,175T6734
892.png,130T1077
893.png,123T1747
894.png,165T895
895.png,162T9979
896.png,103679N
897.png,62T3927
898.png,65T6646
899.png,170T7769
